Date,Close,Forecast_Price,Forecast_Price_Shifted,Close_Shifted,Expected_Move,Signal,Return,StrategyReturn,CumMarketReturn,CumStrategyReturn
2023-08-18,105.45,104.59847881330634,,,,0,,0.0,,1.0
2023-08-21,108.22,105.60031377151707,104.59847881330634,105.45,-0.8515211866936596,-1,0.026268373636794573,0.0,1.0262683736367946,1.0
2023-08-22,105.66,108.45088122706228,105.60031377151707,108.22,-2.6196862284829336,-1,-0.023655516540380672,0.023655516540380672,1.0019914651493598,1.0236555165403807
2023-08-23,109.43,106.07158097121507,108.45088122706228,105.66,2.790881227062286,1,0.03568048457315931,-0.03568048457315931,1.037743006164059,0.9871309916742322
2023-08-24,101.8,109.32608725044173,106.07158097121507,109.43,-3.3584190287849367,-1,-0.06972493831673221,-0.06972493831673221,0.9653864390706497,0.9183033441692117
2023-08-25,102.25,101.7583821206183,109.32608725044173,101.8,7.5260872504417335,1,0.004420432220039405,-0.004420432220039405,0.9696538643907067,0.9142440464788761
2023-08-28,102.61,102.44615163975581,101.7583821206183,102.25,-0.49161787938170676,-1,0.003520782396088107,0.003520782396088107,0.9730678046467522,0.9174629008234473
2023-08-29,105.92,103.1214649930409,102.44615163975581,102.61,-0.16384836024418803,0,0.032258064516129004,-0.032258064516129004,1.0044570886676152,0.8878673233775296
2023-08-30,106.59,105.77761464489643,103.1214649930409,105.92,-2.7985350069590993,-1,0.006325528700906302,0.0,1.010810810810811,0.8878673233775296
2023-08-31,105.72,106.46358532424203,105.77761464489643,106.59,-0.8123853551035722,-1,-0.008162116521249652,0.008162116521249652,1.0025604551920342,0.895114199926347
2023-09-01,109.45,105.80429780784897,106.46358532424203,105.72,0.7435853242420336,1,0.03528187665531601,-0.03528187665531601,1.0379326695116171,0.8635328911321237
2023-09-05,110.78,109.02999055397869,105.80429780784897,109.45,-3.6457021921510346,-1,0.012151667428049295,0.012151667428049295,1.0505452821242296,0.8740262556383432
2023-09-06,109.28,110.42913941536233,109.02999055397869,110.78,-1.7500094460213091,-1,-0.013540350243726351,0.013540350243726351,1.0363205310573733,0.8858608772618991
2023-09-07,106.59,108.94199735732985,110.42913941536233,109.28,1.1491394153623276,1,-0.024615666178623652,0.024615666178623652,1.010810810810811,0.9076669328972807
2023-09-08,106.09,106.41675444978614,108.94199735732985,106.59,2.35199735732985,1,-0.0046908715639365495,-0.0046908715639365495,1.0060692271218588,0.9034091838922274
2023-09-11,105.32,106.2601223451516,106.41675444978614,106.09,0.32675444978613655,1,-0.007257988500329993,-0.007257988500329993,0.9987671882408724,0.896852250424445
2023-09-12,105.31,105.69105006696587,106.2601223451516,105.32,0.9401223451516074,1,-9.494872768700535e-05,-9.494872768700535e-05,0.9986723565670934,0.8967670954443441
2023-09-13,107.71,105.8655982315871,105.69105006696587,105.31,0.3810500669658694,1,0.02278985851296156,0.02278985851296156,1.0214319582740634,0.9172042906686002
2023-09-14,106.63,107.65556688467171,105.8655982315871,107.71,-1.8444017684128937,-1,-0.010026924148175631,-0.010026924148175631,1.011190137505927,0.908007552817685
2023-09-15,101.49,106.75888370246732,107.65556688467171,106.63,1.0255668846717185,1,-0.048204070149113765,0.048204070149113765,0.9624466571834992,0.9517772125896338
2023-09-18,102.37,101.4315501730027,106.75888370246732,101.49,5.2688837024673205,1,0.00867080500541939,0.00867080500541939,0.970791844476055,0.9600298872086
2023-09-19,101.61,101.99503202487068,101.4315501730027,102.37,-0.9384498269972994,-1,-0.007424050014652739,-0.007424050014652739,0.9635846372688478,0.952902577310402
2023-09-20,100.34,101.1177317087901,101.99503202487068,101.61,0.3850320248706822,1,-0.012498769806121413,0.012498769806121413,0.9515410146989095,0.9648126872718645
2023-09-21,96.11,100.41144957458532,101.1177317087901,100.34,0.7777317087900997,1,-0.04215666733107437,-0.04215666733107437,0.9114272166903746,0.9241393997777446
2023-09-22,96.2,96.12804837884512,100.41144957458532,96.11,4.30144957458532,1,0.0009364270107168338,0.0009364270107168338,0.9122807017543859,0.9250047888733641
2023-09-25,97.38,96.3651371582027,96.12804837884512,96.2,-0.07195162115488074,0,0.012266112266112295,0.012266112266112295,0.9234708392603129,0.9363510014603763
2023-09-26,95.96,97.26695665935016,96.3651371582027,97.38,-1.0148628417972958,-1,-0.014582049702197564,-0.0,0.9100047415836889,0.9363510014603763
2023-09-27,98.07,96.2071441281032,97.26695665935016,95.96,1.3069566593501634,1,0.021988328470195828,-0.021988328470195828,0.9300142247510668,0.9157622080768687
2023-09-28,102.76,98.05743458950045,96.2071441281032,98.07,-1.862855871896798,-1,0.047822983583154954,0.047822983583154954,0.9744902797534376,0.9595566891198025
2023-09-29,102.82,102.8033836908303,98.05743458950045,102.76,-4.70256541049956,-1,0.0005838847800698765,-0.0005838847800698765,0.9750592697961117,0.9589964185734112
2023-10-02,103.27,102.76628896323697,102.8033836908303,102.82,-0.01661630916969159,0,0.004376580431822541,-0.004376580431822541,0.9793266951161685,0.954799293613695
2023-10-03,100.08,103.30482569739421,102.76628896323697,103.27,-0.503711036763022,-1,-0.030889900261450554,-0.0,0.9490753911806541,0.954799293613695
2023-10-04,104.07,99.8296951783794,103.30482569739421,100.08,3.224825697394209,1,0.03986810551558739,-0.03986810551558739,0.9869132290184918,0.9167332546296959
2023-10-05,102.91,104.06238269030624,99.8296951783794,104.07,-4.240304821620597,-1,-0.011146343807052927,-0.011146343807052927,0.9759127548601229,0.9065150305942348
2023-10-06,107.24,102.95903199730786,104.06238269030624,102.91,1.15238269030624,1,0.0420756000388689,-0.0420756000388689,1.016974869606448,0.8683728667377287
2023-10-09,106.97,107.59314962019064,102.95903199730786,107.24,-4.280968002692134,-1,-0.0025177172696754235,-0.0025177172696754235,1.014414414414414,0.8661865493746256
2023-10-10,109.01,107.23599945497917,107.59314962019064,106.97,0.6231496201906452,1,0.019070767504907993,-0.019070767504907993,1.0337600758653387,0.8496677070756236
2023-10-11,108.31,108.87870379313492,107.23599945497917,109.01,-1.77400054502084,-1,-0.006421429226676434,-0.006421429226676434,1.0271218587008057,0.844211626028445
2023-10-12,108.79,108.17838675309451,108.87870379313492,108.31,0.5687037931349153,1,0.0044317237558859635,-0.0044317237558859635,1.0316737790422,0.8404703133103797
2023-10-13,105.09,108.79212050614463,108.17838675309451,108.79,-0.6116132469054918,-1,-0.03401047890431108,-0.03401047890431108,0.9965860597439543,0.8118855154498373
2023-10-16,106.46,105.0405662143346,108.79212050614463,105.09,3.702120506144624,1,0.01303644495194578,-0.01303644495194578,1.0095779990516829,0.8013014146203934
2023-10-17,105.14,106.2600492872809,105.0405662143346,106.46,-1.4194337856653902,-1,-0.012399023107270257,-0.012399023107270257,0.9970602181128494,0.7913660598646268
2023-10-18,102.17,104.85650664243234,106.2600492872809,105.14,1.1200492872809065,1,-0.028248050218755982,0.028248050218755982,0.9688952110004738,0.8137206080651017
2023-10-19,102.4,102.4365648881546,104.85650664243234,102.17,2.6865066424323345,1,0.0022511500440443033,0.0022511500440443033,0.9710763394973918,0.8155524152477872
2023-10-20,101.81,102.3877797181558,102.4365648881546,102.4,0.036564888154600794,0,-0.005761718749999978,-0.005761718749999978,0.9654812707444284,0.8108534316052463
2023-10-23,100.01,102.13547806883905,102.3877797181558,101.81,0.5777797181557958,1,-0.01767999214222571,-0.0,0.9484115694642008,0.8108534316052463
2023-10-24,101.67,100.24794466311819,102.13547806883905,100.01,2.125478068839044,1,0.016598340165983272,0.016598340165983272,0.9641536273115217,0.824312252687785
2023-10-25,96.055,101.89860619845966,100.24794466311819,101.67,-1.4220553368818116,-1,-0.055227697452542523,-0.055227697452542523,0.9109056424845895,0.7787873849899202
2023-10-26,93.67,95.77742103967603,101.89860619845966,96.055,5.8436061984596535,1,-0.02482952475144451,0.02482952475144451,0.8882882882882879,0.7981243056416402
2023-10-27,96.43,93.37780765995818,95.77742103967603,93.67,2.1074210396760265,1,0.029465143589196163,0.029465143589196163,0.9144618302513036,0.8216411529093985
2023-10-30,96.18,96.24310049756299,93.37780765995818,96.43,-3.0521923400418274,-1,-0.002592554184382423,-0.002592554184382423,0.9120910384068276,0.8195110037003625
2023-10-31,98.5,95.9434564680684,96.24310049756299,96.18,0.06310049756298497,0,0.024121438968600417,-0.024121438968600417,0.9340919867235653,0.7997432190405077
2023-11-01,108.04,98.39144459552172,95.9434564680684,98.5,-2.5565435319315952,-1,0.09685279187817275,0.0,1.0245614035087718,0.7997432190405077
2023-11-02,107.83,108.21860284755282,98.39144459552172,108.04,-9.648555404478287,-1,-0.0019437245464642983,0.0019437245464642983,1.0225699383594118,0.8012976995662252
2023-11-03,112.25,107.53589381055069,108.21860284755282,107.83,0.3886028475528178,1,0.040990447927292895,-0.040990447927292895,1.0644855381697484,0.7684521479378963
2023-11-06,111.75,112.03741113045334,107.53589381055069,112.25,-4.714106189449311,-1,-0.0044543429844098315,-0.0044543429844098315,1.0597439544807963,0.7650291985038744
2023-11-07,113.45,111.68639540140047,112.03741113045334,111.75,0.2874111304533358,1,0.015212527964205913,-0.015212527964205913,1.0758653390232336,0.7533911704282001
2023-11-08,113.59,113.37299411340287,111.68639540140047,113.45,-1.7636045985995281,-1,0.0012340237990304814,0.0012340237990304814,1.0771929824561401,0.754320873062488
2023-11-09,113.49,113.55251005132483,113.37299411340287,113.59,-0.2170058865971356,-1,-0.000880359186548163,0.000880359186548163,1.0762446657183498,0.7549849463726934
2023-11-10,118.59,113.48953102716612,113.55251005132483,113.49,0.06251005132483556,0,0.044937879989426444,-0.044937879989426444,1.1246088193456614,0.7210575234587737
2023-11-13,116.79,118.37047591096858,113.48953102716612,118.59,-5.10046897283388,-1,-0.015178345560333928,-0.0,1.1075391180654337,0.7210575234587737
2023-11-14,119.88,116.78017836941164,118.37047591096858,116.79,1.5804759109685733,1,0.026457744669920347,-0.026457744669920347,1.1368421052631577,0.7019799676107764
2023-11-15,118.0,119.77245597538975,116.78017836941164,119.88,-3.0998216305883517,-1,-0.01568234901568233,-0.01568234901568233,1.1190137505926978,0.6909712727566868
2023-11-16,119.83,118.0410143660901,119.77245597538975,118.0,1.7724559753897466,1,0.015508474576271247,-0.015508474576271247,1.1363679468942627,0.6802553623402059
2023-11-17,120.62,119.76921709314576,118.0410143660901,119.83,-1.7889856339099026,-1,0.006592672953350531,0.006592672953350531,1.143859649122807,0.6847400634688778
2023-11-20,121.53,120.55750221079515,119.76921709314576,120.62,-0.8507829068542492,-1,0.007544354170121004,-0.007544354170121004,1.1524893314366997,0.6795741419155975
2023-11-21,119.16,121.4762144673542,120.55750221079515,121.53,-0.9724977892048514,-1,-0.019501357689459375,0.019501357689459375,1.1300142247510667,0.692826760333601
2023-11-22,122.51,119.25549723308924,121.4762144673542,119.16,2.3162144673542002,1,0.02811346089291722,-0.02811346089291722,1.161782835467046,0.6733490023013958
2023-11-24,122.31,122.37847575043115,119.25549723308924,122.51,-3.254502766910761,-1,-0.001632519794302567,-0.001632519794302567,1.159886201991465,0.6722497467266649
2023-11-27,122.65,122.28160891776164,122.37847575043115,122.31,0.06847575043114773,0,0.0027798217643693057,-0.0027798217643693057,1.1631104788999527,0.6703810122496224
2023-11-28,122.01,122.63028353504652,122.28160891776164,122.65,-0.3683910822383609,-1,-0.005218100285364846,-0.0,1.157041251778094,0.6703810122496224
2023-11-29,123.85,122.0344571931511,122.63028353504652,122.01,0.6202835350465108,1,0.015080731087615762,-0.015080731087615762,1.1744902797534378,0.6602711764776422
2023-11-30,121.16,123.7687961029606,122.0344571931511,123.85,-1.815542806848896,-1,-0.021719822365764974,-0.021719822365764974,1.1489805595068756,0.6459302038113132
2023-12-01,121.39,121.26956818694744,123.7687961029606,121.16,2.6087961029605964,1,0.0018983162759986794,-0.0018983162759986794,1.1511616880037936,0.644704023992259
2023-12-04,118.57,121.40547372887448,121.26956818694744,121.39,-0.12043181305256212,0,-0.023230908641568515,-0.023230908641568515,1.1244191559981036,0.6297269637100432
2023-12-05,118.38,118.71091436519703,121.40547372887448,118.57,2.83547372887449,1,-0.0016024289449270146,-0.0,1.1226173541963018,0.6297269637100432
2023-12-06,116.82,118.42057159536517,118.71091436519703,118.38,0.33091436519703166,1,-0.013177901672579817,-0.013177901672579817,1.1078236130867714,0.6214284837017
2023-12-07,128.37,116.90580773119939,118.42057159536517,116.82,1.6005715953651816,1,0.09887005649717517,0.09887005649717517,1.2173541963015653,0.682869152994241
2023-12-08,128.92,127.83914762580042,116.90580773119939,128.37,-11.464192268800616,-1,0.004284490145672448,0.004284490145672448,1.2225699383594124,0.6857948991510285
2023-12-11,134.41,128.72897745036087,127.83914762580042,128.92,-1.0808523741995657,-1,0.04258454855724492,-0.04258454855724492,1.2746325272641068,0.6565906329678207
2023-12-12,137.61,134.0634015088477,128.72897745036087,134.41,-5.681022549639124,-1,0.02380775239937516,-0.02380775239937516,1.3049786628734004,0.6409586857503738
2023-12-13,138.19,137.43797199131853,134.0634015088477,137.61,-3.5465984911523094,-1,0.004214809970205513,-0.004214809970205513,1.3104788999525847,0.6382571666911834
2023-12-14,138.0,138.45917364193042,137.43797199131853,138.19,-0.7520280086814637,-1,-0.0013749185903466632,0.0013749185903466632,1.308677098150783,0.6391347183350891
2023-12-15,139.15,137.66296948027818,138.45917364193042,138.0,0.45917364193041976,1,0.008333333333333304,-0.008333333333333304,1.3195827406353728,0.6338085956822966
2023-12-18,138.9,139.14126040546182,137.66296948027818,139.15,-1.4870305197218272,-1,-0.0017966223499820133,-0.0017966223499820133,1.3172119487908969,0.6326698809936832
2023-12-19,140.15,138.86844039501653,139.14126040546182,138.9,0.2412604054618157,1,0.008999280057595316,-0.008999280057595316,1.329065908013277,0.6269763075506155
2023-12-20,135.47,140.12189131408894,138.86844039501653,140.15,-1.281559604983471,-1,-0.03339279343560475,-0.03339279343560475,1.284684684684685,0.6060398172235596
2023-12-21,139.91,135.66492279212008,140.12189131408894,135.47,4.651891314088942,1,0.0327747840850372,-0.0327747840850372,1.3267899478425798,0.586176993067122
2023-12-22,139.6,139.72424143433497,135.66492279212008,139.91,-4.245077207879916,-1,-0.0022157100993496215,-0.0022157100993496215,1.3238501659554294,0.5848781947835768
2023-12-26,143.41,139.58482192549687,139.72424143433497,139.6,0.12424143433497647,0,0.027292263610315226,-0.027292263610315226,1.3599810336652445,0.5689155449116181
2023-12-27,146.07,143.1208679909439,139.58482192549687,143.41,-3.8251780745031283,-1,0.01854821839481202,0.0,1.3852062588904697,0.5689155449116181
2023-12-28,148.76,145.94104933430387,143.1208679909439,146.07,-2.949132009056086,-1,0.018415828027658065,-0.018415828027658065,1.410715979137032,0.5584384940742644
2023-12-29,147.41,148.52308637341105,145.94104933430387,148.76,-2.8189506656961214,-1,-0.009075020166711467,0.009075020166711467,1.3979137031768614,0.5635063346698563
2024-01-02,138.58,147.56104247893123,148.52308637341105,147.41,1.1130863734110505,1,-0.05990095651584004,0.05990095651584004,1.3141773352299673,0.5972609031193159
2024-01-03,135.32,138.96211140800466,147.56104247893123,138.58,8.981042478931215,1,-0.023524318083417706,-0.023524318083417706,1.2832622095779993,0.5832107476555478
2024-01-04,136.01,135.47258549115784,138.96211140800466,135.32,3.6421114080046664,1,0.005099024534436891,0.005099024534436891,1.2898055950687533,0.5861845535665907
2024-01-05,138.58,136.04356248126575,135.47258549115784,136.01,-0.5374145088421471,-1,0.018895669436071127,0.018895669436071127,1.3141773352299675,0.5972609031193159
2024-01-08,146.18,138.50203499622137,136.04356248126575,138.58,-2.5364375187342603,-1,0.054841968538028585,-0.054841968538028585,1.3862494073020397,0.5645059394614519
2024-01-09,149.26,145.7919545337919,138.50203499622137,146.18,-7.677965003778638,-1,0.021069913804897977,-0.021069913804897977,1.4154575628259847,0.5526118479746461
2024-01-10,148.54,149.13830313355385,145.7919545337919,149.26,-3.468045466208082,-1,-0.0048237974005092,0.0048237974005092,1.4086296823138935,0.5552775355703968
2024-01-11,148.02,148.45500076689382,149.13830313355385,148.54,0.5983031335538556,1,-0.0035007405412682546,0.0035007405412682546,1.4036984352773834,0.5572214181508236
2024-01-12,146.56,148.0851620045066,148.45500076689382,148.02,0.4350007668938076,1,-0.009863531955141225,-0.009863531955141225,1.389853010905643,0.5517252468868038
2024-01-16,158.74,146.58879241904407,148.0851620045066,146.56,1.5251620045065977,1,0.08310589519650668,0.08310589519650668,1.5053579895685167,0.5975768674318452
2024-01-17,160.17,158.28569391129437,146.58879241904407,158.74,-12.15120758095594,-1,0.00900844147662827,0.00900844147662827,1.5189189189189196,0.6029601036698918
2024-01-18,162.67,160.00508069619056,158.28569391129437,160.17,-1.884306088705614,-1,0.01560841605793839,-0.01560841605793839,1.54262683736368,0.5935488515054745
2024-01-19,174.23,162.47573138016477,160.00508069619056,162.67,-2.6649193038094268,-1,0.07106411753857511,-0.07106411753857511,1.652252252252253,0.5513688261572033
2024-01-22,168.18,173.85298142229004,162.47573138016477,174.23,-11.754268619835216,-1,-0.03472421511794743,0.03472421511794743,1.5948790896159326,0.5705146758860161
2024-01-23,168.42,168.39994715352555,173.85298142229004,168.18,5.672981422290036,1,0.0014270424545128613,-0.0014270424545128613,1.5971550497866294,0.5697005272226041
2024-01-24,178.29,168.38365521861814,168.39994715352555,168.42,-0.020052846474442276,0,0.05860349127182052,0.05860349127182052,1.6907539118065442,0.6030869670972455
2024-01-25,180.33,177.98390562244003,168.38365521861814,178.29,-9.906344781381847,-1,0.01144203264344612,0.0,1.7100995732574689,0.6030869670972455
2024-01-26,177.25,180.26935390849786,177.98390562244003,180.33,-2.3460943775599787,-1,-0.01707979814784011,0.01707979814784011,1.6808914177335237,0.6133875707608596
2024-01-29,177.83,177.6046938180685,180.26935390849786,177.25,3.0193539084978624,1,0.0032722143864598596,-0.0032722143864598596,1.6863916548127083,0.6113804351273402
2024-01-30,172.06,178.0973214112369,177.6046938180685,177.83,-0.22530618193150076,-1,-0.03244671877635952,-0.03244671877635952,1.6316737790422007,0.5915431460833951
2024-01-31,167.69,171.81011971110763,178.0973214112369,172.06,6.0373214112368885,1,-0.02539811693595262,0.02539811693595262,1.5902323376007592,0.6065672280802824
2024-02-01,170.48,167.6945934208282,171.81011971110763,167.69,4.120119711107634,1,0.016637843640050054,0.016637843640050054,1.616690374585112,0.6166591987782607
2024-02-02,177.66,170.6461784930423,167.6945934208282,170.48,-2.7854065791717915,-1,0.04211637728765849,0.04211637728765849,1.6847795163584645,0.6426306502519111
2024-02-05,174.23,177.95557982224463,170.6461784930423,177.66,-7.013821506957697,-1,-0.01930654058313641,0.01930654058313641,1.652252252252253,0.655037624980967
2024-02-06,167.88,174.18958043204964,177.95557982224463,174.23,3.72557982224464,1,-0.03644607702462255,0.03644607702462255,1.5920341394025612,0.6789111767150491
2024-02-07,170.94,168.1832499272225,174.18958043204964,167.88,6.309580432049643,1,0.018227305218012857,0.018227305218012857,1.6210526315789482,0.6912858979489546
2024-02-08,169.35,170.89908815765415,168.1832499272225,170.94,-2.7567500727774927,-1,-0.009301509301509303,-0.009301509301509303,1.6059743954480805,0.6848558957391802
2024-02-09,172.48,168.56111560536735,170.89908815765415,169.35,1.549088157654154,1,0.018482432831414153,-0.018482432831414153,1.6356567093409207,0.6721980926469828
2024-02-12,171.91,172.39276588120651,168.56111560536735,172.48,-3.9188843946326415,-1,-0.0033047309833024174,-0.0033047309833024174,1.6302513039355153,0.6699766587832956
2024-02-13,171.54,172.35925091085704,172.39276588120651,171.91,0.4827658812065181,1,-0.0021522889884242336,0.0021522889884242336,1.6267425320056907,0.6714186421684961
2024-02-14,178.7,171.57240020343872,172.35925091085704,171.54,0.8192509108570505,1,0.04173953596828728,0.04173953596828728,1.694642010431485,0.6994433447330667
2024-02-15,176.76,178.7121865524745,171.57240020343872,178.7,-7.12759979656127,-1,-0.010856183547845566,-0.010856183547845566,1.6762446657183507,0.6918500594013255
2024-02-16,173.87,176.8179898051105,178.7121865524745,176.76,1.952186552474501,1,-0.01634985290789759,0.01634985290789759,1.6488383119962078,0.7031617061068574
2024-02-20,165.69,173.58786787953875,176.8179898051105,173.87,2.9479898051104954,1,-0.047046644044401065,-0.047046644044401065,1.571266002844951,0.6700803076139943
2024-02-21,164.29,166.0471208950448,173.58786787953875,165.69,7.897867879538751,1,-0.008449514152936266,-0.008449514152936266,1.5579895685158849,0.664418454571206
2024-02-22,181.86,164.48909874810658,166.0471208950448,164.29,1.7571208950448067,1,0.10694503621644658,0.10694503621644658,1.7246088193456621,0.735474710258199
2024-02-23,176.52,182.4971898588821,164.48909874810658,181.86,-17.37090125189343,-1,-0.029363246453315783,-0.029363246453315783,1.6739687055476535,0.7138787850807065
2024-02-26,176.01,176.2234669426801,182.4971898588821,176.52,5.977189858882099,1,-0.0028891910265126386,0.0028891910265126386,1.6691322901849224,0.7159413172605793
2024-02-27,178.0,176.18865937132935,176.2234669426801,176.01,0.2134669426800997,1,0.011306175785466888,0.011306175785466888,1.688003793266952,0.7240358756456061
2024-02-28,176.54,177.7424163498214,176.18865937132935,178.0,-1.8113406286706493,-1,-0.008202247191011258,-0.008202247191011258,1.6741583688952117,0.7180971544184006
2024-02-29,192.53,176.6891354033774,177.7424163498214,176.54,1.2024163498214193,1,0.09057437407952884,-0.09057437407952884,1.8257942152679005,0.6530559541286632
2024-03-01,202.64,191.69449383240837,176.6891354033774,192.53,-15.840864596622595,-1,0.05251129694073642,0.05251129694073642,1.9216690374585121,0.6873487692548295
2024-03-04,205.36,201.85472831751616,191.69449383240837,202.64,-10.945506167591617,-1,0.013422818791946511,-0.013422818791946511,1.947463252726412,0.6781226112782545
2024-03-05,205.13,205.16168897335717,201.85472831751616,205.36,-3.5052716824838512,-1,-0.0011199844176081886,0.0011199844176081886,1.9452821242294938,0.6788820980361139
2024-03-06,210.63,205.03986510139197,205.16168897335717,205.13,0.03168897335717702,0,0.026812265392677892,-0.026812265392677892,1.9974395448079671,0.6606797310532316
2024-03-07,211.38,210.52196614801818,205.03986510139197,210.63,-5.590134898608028,-1,0.003560746332431197,0.0,2.0045519203413953,0.6606797310532316
2024-03-08,207.39,211.18502341399514,210.52196614801818,211.38,-0.8580338519818156,-1,-0.018875957990349135,0.018875957990349135,1.9667140825035574,0.6731506939016677
2024-03-11,198.39,207.5955605733259,211.18502341399514,207.39,3.7950234139951533,1,-0.04339649934905254,0.04339649934905254,1.8813655761024193,0.7023630775513857
2024-03-12,202.76,198.6466417373711,207.5955605733259,198.39,9.205560573325926,1,0.022027319925399524,0.022027319925399524,1.922807017543861,0.7178342537643982
2024-03-13,194.79,202.90413499420617,198.6466417373711,202.76,-4.1133582626288785,-1,-0.03930755573091338,-0.03930755573091338,1.8472261735419644,0.6896179438289955
2024-03-14,187.06,194.82864996002803,202.90413499420617,194.79,8.114134994206182,1,-0.039683762000102596,0.039683762000102596,1.7739212897107648,0.7169845781829056
2024-03-15,191.06,187.63284955739937,194.82864996002803,187.06,7.7686499600280285,1,0.021383513311237,0.021383513311237,1.8118539592223817,0.7323162274544315
2024-03-18,190.65,190.86492101164112,187.63284955739937,191.06,-3.4271504426006345,-1,-0.0021459227467810482,-0.0021459227467810482,1.8079658605974411,0.7307447334041002
2024-03-19,181.42,190.64951577278325,190.86492101164112,190.65,0.21492101164110977,1,-0.04841332284290589,0.04841332284290589,1.720436225699385,0.766122514098146
2024-03-20,179.73,181.6525736320162,190.64951577278325,181.42,9.229515772783259,1,-0.009315400727593404,-0.009315400727593404,1.704409672830727,0.7589857758728905
2024-03-21,178.68,180.60247770560105,181.6525736320162,179.73,1.922573632016224,1,-0.00584209647805034,-0.00584209647805034,1.6944523470839277,0.7545517077447732
2024-03-22,179.65,178.03688204231528,180.60247770560105,178.68,1.9224777056010396,1,0.005428699350794819,0.005428699350794819,1.703651019440495,0.7586479421107484
2024-03-25,178.63,179.66602892362877,178.03688204231528,179.65,-1.6131179576847217,-1,-0.0056777066518231,-0.0056777066518231,1.6939781887150325,0.7543405616434343
2024-03-26,177.87,179.3553292197916,179.66602892362877,178.63,1.036028923628777,1,-0.004254604489727365,0.004254604489727365,1.6867709815078253,0.7575499823837859
2024-03-27,179.59,177.84690938438337,179.3553292197916,177.87,1.4853292197915948,1,0.009669983695957729,0.009669983695957729,1.7030820293978206,0.7648754783623102
2024-03-28,180.49,178.75812303789078,177.84690938438337,179.59,-1.7430906156166373,-1,0.0050114148894704336,0.0050114148894704336,1.7116168800379343,0.7687085867231659
2024-04-01,183.34,180.91721631795613,178.75812303789078,180.49,-1.7318769621092258,-1,0.015790348495761553,-0.015790348495761553,1.7386439070649613,0.7565704102471228
2024-04-02,178.7,183.27318977724244,180.91721631795613,183.34,-2.422783682043871,-1,-0.025308170611977876,0.025308170611977876,1.6946420104314854,0.775717823269631
2024-04-03,180.77,178.75458934560274,183.27318977724244,178.7,4.5731897772424475,1,0.011583659764969445,-0.011583659764969445,1.7142721669037475,0.7667321719312529
2024-04-04,165.83,180.70936466004994,178.75458934560274,180.77,-2.0154106543972716,-1,-0.08264645682358795,-0.08264645682358795,1.5725936462778585,0.7033644745884807
2024-04-05,170.42,166.65861628059622,180.70936466004994,165.83,14.87936466004993,1,0.027678948320569052,-0.027678948320569052,1.6161213845424385,0.6838960856458219
2024-04-08,169.9,170.11443887188418,166.65861628059622,170.42,-3.761383719403767,-1,-0.0030512850604388353,-0.0030512850604388353,1.6111901375059283,0.6818093237367983
2024-04-09,170.78,169.39073573372647,170.11443887188418,169.9,0.21443887188416966,1,0.005179517363154806,-0.005179517363154806,1.619535324798484,0.6782778805061427
2024-04-10,167.14,171.38634503064068,169.39073573372647,170.78,-1.3892642662735284,-1,-0.021313971191006087,-0.021313971191006087,1.5850165955429125,0.663821085301538
2024-04-11,170.5,167.30908827267416,171.38634503064068,167.14,4.246345030640697,1,0.020102907742012732,-0.020102907742012732,1.6168800379326709,0.6504763512665185
2024-04-12,163.28,169.89870342627282,167.30908827267416,170.5,-3.1909117273258403,-1,-0.042346041055718486,-0.042346041055718486,1.5484115694642024,0.6229312529900125
2024-04-15,160.32,163.34068122394345,169.89870342627282,163.28,6.618703426272816,1,-0.01812836844683985,0.01812836844683985,1.5203413940256059,0.634223980261267
2024-04-16,163.46,161.24674099853317,163.34068122394345,160.32,3.0206812239434555,1,0.01958582834331346,0.01958582834331346,1.5501185395922252,0.6466457822698772
2024-04-17,154.02,162.87749165219586,161.24674099853317,163.46,-2.213259001466838,-1,-0.057751131775357845,-0.057751131775357845,1.4605974395448094,0.6093012564860302
2024-04-18,155.08,153.52150626787517,162.87749165219586,154.02,8.857491652195847,1,0.006882223087910644,-0.006882223087910644,1.4706495969653879,0.6051079093111491
2024-04-19,146.64,156.1309334667396,153.52150626787517,155.08,-1.5584937321248447,-1,-0.05442352334279099,-0.05442352334279099,1.390611664295876,0.5721758048838463
2024-04-22,148.64,146.8589837843477,156.1309334667396,146.64,9.49093346673962,1,0.013638843426077463,-0.013638843426077463,1.4095779990516843,0.5643719886688457
2024-04-23,152.27,148.55618210859924,146.8589837843477,148.64,-1.7810162156522722,-1,0.02442142088266963,0.02442142088266963,1.444001896633477,0.5781547545385168
2024-04-24,151.74,152.66083482163788,148.55618210859924,152.27,-3.7138178914007653,-1,-0.0034806593550928966,0.0034806593550928966,1.4389758179231877,0.5801671142935928
2024-04-25,153.76,152.23039121574328,152.66083482163788,151.74,0.9208348216378681,1,0.013312244628970404,-0.013312244628970404,1.458131816026554,0.5724437877424327
2024-04-26,157.4,153.1374649115554,152.23039121574328,153.76,-1.529608784256709,-1,0.023673257023933525,0.023673257023933525,1.4926505452821255,0.5859953966614133
2024-04-29,160.2,157.3747149607743,153.1374649115554,157.4,-4.262535088444594,-1,0.017789072426937613,-0.017789072426937613,1.519203413940257,0.5755710821083514
2024-04-30,158.38,160.049214556811,157.3747149607743,160.2,-2.8252850392256903,-1,-0.011360799001248423,0.011360799001248423,1.5019440493124714,0.5821100294831155
2024-05-01,144.27,158.38430282054586,160.049214556811,158.38,1.6692145568109993,1,-0.08908953150650323,0.08908953150650323,1.3681365576102429,0.6339699392950031
2024-05-02,146.16,144.44529466222346,158.38430282054586,144.27,14.114302820545845,1,0.013100436681222627,0.013100436681222627,1.3860597439544817,0.6422752223425359
2024-05-03,150.6,146.77214470207613,144.44529466222346,146.16,-1.714705337776536,-1,0.0303776683087027,0.0303776683087027,1.4281650071123764,0.6617860460097557
2024-05-06,155.78,150.20577638711427,146.77214470207613,150.6,-3.827855297923861,-1,0.03439575033200537,-0.03439575033200537,1.4772878141299204,0.639023418397999
2024-05-07,154.43,155.45738213451054,150.20577638711427,155.78,-5.574223612885731,-1,-0.008666067531133637,0.008666067531133637,1.4644855381697497,0.6445612384958119
2024-05-08,153.62,154.37125380326108,155.45738213451054,154.43,1.0273821345105318,1,-0.005245094864987365,0.005245094864987365,1.4568041725936474,0.6479420233380162
2024-05-09,152.39,153.6943242280988,154.37125380326108,153.62,0.7512538032610792,1,-0.008006769951829362,-0.008006769951829362,1.4451398767188248,0.6427541006150258
2024-05-10,151.92,152.4728499463732,153.6943242280988,152.39,1.3043242280988068,1,-0.0030841918761073117,-0.0030841918761073117,1.4406827880512099,0.6407717236395742
2024-05-13,150.56,151.96378315449684,152.4728499463732,151.92,0.5528499463732146,1,-0.00895208004212733,-0.00895208004212733,1.4277856804172602,0.6350354838808209
2024-05-14,153.16,150.62027784956922,151.96378315449684,150.56,1.4037831544968356,1,0.017268862911795857,0.017268862911795857,1.452441915599811,0.6460018245960847
2024-05-15,159.67,153.08122696049512,150.62027784956922,153.16,-2.5397221504307765,-1,0.0425045703839122,0.0425045703839122,1.5141773352299674,0.6734598546177647
2024-05-16,162.62,159.3621963107415,153.08122696049512,159.67,-6.588773039504872,-1,0.01847560593724573,-0.01847560593724573,1.5421526789947853,0.661017275729292
2024-05-17,164.47,162.3732647899375,159.3621963107415,162.62,-3.257803689258509,-1,0.011376214487762937,-0.011376214487762937,1.5596965386439081,0.6534974014204789
2024-05-20,166.33,164.3496333850141,162.3732647899375,164.47,-2.0967352100624908,-1,0.011309053322794416,-0.011309053322794416,1.57733522996681,0.6461069644615071
2024-05-21,164.66,166.2398194474692,164.3496333850141,166.33,-1.9803666149859112,-1,-0.010040281368364212,0.010040281368364212,1.5614983404457097,0.6525940601787603
2024-05-22,165.52,164.68876901399378,166.2398194474692,164.66,1.5798194474691911,1,0.005222883517551402,-0.005222883517551402,1.5696538643907074,0.6491856374182007
2024-05-23,160.43,165.52447845767242,164.68876901399378,165.52,-0.8312309860062328,-1,-0.030751570807153183,-0.030751570807153183,1.521384542437175,0.629222159322148
2024-05-24,166.36,160.5999111818741,165.52447845767242,160.43,5.094478457672409,1,0.036963161503459574,-0.036963161503459574,1.5776197249881472,0.6059641190255679
2024-05-28,171.61,166.21980834108908,160.5999111818741,166.36,-5.760088818125922,-1,0.03155806684299112,0.03155806684299112,1.6274063537221444,0.625087175198231
2024-05-29,165.14,171.2963590195123,166.21980834108908,171.61,-5.390191658910936,-1,-0.03770176563137362,0.03770176563137362,1.5660502607871039,0.6486540653767321
2024-05-30,166.75,165.2827557163284,171.2963590195123,165.14,6.156359019512308,1,0.009749303621169991,-0.009749303621169991,1.5813181602655297,0.642330139948268
2024-05-31,166.9,166.85323524302189,165.2827557163284,166.75,-1.4672442836715902,-1,0.0008995502248876353,0.0008995502248876353,1.5827406353722155,0.6429079481701107
2024-06-03,163.55,166.83096239102952,166.85323524302189,166.9,-0.04676475697812066,0,-0.020071899340922683,0.020071899340922683,1.5509720246562364,0.6558123317912603
2024-06-04,159.99,163.7030943615424,166.83096239102952,163.55,3.2809623910295045,1,-0.021767043717517587,-0.0,1.5172119487908973,0.6558123317912603
2024-06-05,166.17,160.20915405001458,163.7030943615424,159.99,3.713094361542403,1,0.03862741421338822,0.03862741421338822,1.5758179231863452,0.6811446663776093
2024-06-06,166.78,165.99189575414485,160.20915405001458,166.17,-5.960845949985412,-1,0.0036709393994103223,0.0036709393994103223,1.581602655286867,0.6836451071701131
2024-06-07,167.87,166.57906066710018,165.99189575414485,166.78,-0.7881042458551519,-1,0.006535555822041017,-0.006535555822041017,1.5919393077287824,0.6791771064097376
2024-06-10,160.34,167.83792413769763,166.57906066710018,167.87,-1.2909393328998249,-1,-0.0448561386787395,0.0448561386787395,1.5205310573731636,0.7096423688822777
2024-06-11,158.96,160.6340930042633,167.83792413769763,160.34,7.497924137697623,1,-0.008606710739678114,0.008606710739678114,1.507444286391656,0.7157500554798675
2024-06-12,160.24,159.20781858599972,160.6340930042633,158.96,1.674093004263284,1,0.00805234021137391,0.00805234021137391,1.5195827406353732,0.7215135184329011
2024-06-13,159.9,160.22188411305922,159.20781858599972,160.24,-1.0321814140002914,-1,-0.0021218172740888885,-0.0021218172740888885,1.5163584637268859,0.7199825985860016
2024-06-14,159.63,159.86647990337315,160.22188411305922,159.9,0.3218841130592125,1,-0.0016885553470920023,0.0016885553470920023,1.5137980085348517,0.7211983290526571
2024-06-17,158.4,159.64713892593468,159.86647990337315,159.63,0.2364799033731515,1,-0.007705318549144802,-0.007705318549144802,1.5021337126600296,0.7156412661901954
2024-06-18,154.63,158.45937221999827,159.64713892593468,158.4,1.247138925934678,1,-0.023800505050505127,-0.023800505050505127,1.4663821716453305,0.6986086426198858
2024-06-20,161.78,154.81081309098133,158.45937221999827,154.63,3.8293722199982767,1,0.04623941020500544,0.04623941020500544,1.5341868183973455,0.7309118942187487
2024-06-21,161.23,161.57983840855897,154.81081309098133,161.78,-6.969186909018674,-1,-0.0033996785758437786,-0.0033996785758437786,1.5289710763394981,0.7284270287111438
2024-06-24,160.25,161.06019739610355,161.57983840855897,161.23,0.3498384085589805,1,-0.006078273274204515,0.006078273274204515,1.519677572309152,0.732854607251967
2024-06-25,160.25,160.30442014458862,161.06019739610355,160.25,0.8101973961035469,1,0.0,0.0,1.519677572309152,0.732854607251967
2024-06-26,157.54,160.28777431625332,160.30442014458862,160.25,0.05442014458861877,0,-0.016911076443057782,-0.016911076443057782,1.4939781887150314,0.7204612469670819
2024-06-27,159.47,157.65155571231665,160.28777431625332,157.54,2.7477743162533272,1,0.012250856925225317,0.0,1.5122807017543864,0.7204612469670819
2024-06-28,162.21,159.46004863097008,157.65155571231665,159.47,-1.8184442876833486,-1,0.017181915093748,0.017181915093748,1.538264580369844,0.7328401509408061
2024-07-01,157.69,162.03867330394212,159.46004863097008,162.21,-2.7499513690299295,-1,-0.027865113124961538,0.027865113124961538,1.4954006638217168,0.7532608246492857
2024-07-02,164.31,157.81068061580444,162.03867330394212,157.69,4.348673303942121,1,0.04198110216247075,-0.04198110216247075,1.5581792318634429,0.721638105014697
2024-07-03,163.9,164.13983374416077,157.81068061580444,164.31,-6.499319384195559,-1,-0.002495283305946061,-0.002495283305946061,1.554291133238502,0.7198374134983193
2024-07-05,171.9,163.72192148942716,164.13983374416077,163.9,0.2398337441607623,1,0.04881025015253204,-0.04881025015253204,1.6301564722617359,0.6847019692763147
2024-07-08,178.69,171.5388028285081,163.72192148942716,171.9,-8.178078510572846,-1,0.03949970913321699,0.03949970913321699,1.6945471787577056,0.7117474979056699
2024-07-09,177.1,178.11942090611595,171.5388028285081,178.69,-7.151197171491901,-1,-0.008898091667133068,0.008898091667133068,1.6794689426268377,0.7180806923858872
2024-07-10,183.96,177.1783193071116,178.11942090611595,177.1,1.019420906115954,1,0.03873517786561265,-0.03873517786561265,1.7445234708392605,0.6902657090444576
2024-07-11,181.94,183.60752020545573,177.1783193071116,183.96,-6.781680692888415,-1,-0.01098064796694942,-0.01098064796694942,1.7253674727358939,0.6826861442897837
2024-07-12,181.61,181.95322724799718,183.60752020545573,181.94,1.6675202054557303,1,-0.0018137847642079041,0.0018137847642079041,1.7222380275011857,0.6839243900170323
2024-07-15,179.83,181.7027131910899,181.95322724799718,181.61,0.343227247997163,1,-0.009801222399647647,-0.009801222399647647,1.705357989568516,0.677221094965932
2024-07-16,177.55,179.85600579764906,181.7027131910899,179.83,1.8727131910899004,1,-0.012678640938664332,-0.012678640938664332,1.6837363679468944,0.6686348518667699
2024-07-17,159.43,177.72838498359022,179.85600579764906,177.55,2.30600579764905,1,-0.10205575894114338,-0.10205575894114338,1.5119013750592698,0.6003968146050077
2024-07-18,155.77,160.13134555862996,177.72838498359022,159.43,18.29838498359021,1,-0.0229567835413661,-0.0229567835413661,1.4771929824561403,0.5866136348931948
2024-07-19,151.58,156.18263624801497,160.13134555862996,155.77,4.361345558629949,1,-0.026898632599345218,-0.026898632599345218,1.4374585111427216,0.5708345302504364
2024-07-22,155.87,151.5205754902995,156.18263624801497,151.58,4.60263624801496,1,0.028301886792452713,0.028301886792452713,1.4781412991939304,0.5869902245028071
2024-07-23,154.0,155.88774835676904,151.5205754902995,155.87,-4.349424509700498,-1,-0.01199717713479187,-0.01199717713479187,1.4604077761972494,0.5799479988030557
2024-07-24,144.63,154.01210630258328,155.88774835676904,154.0,1.8877483567690376,1,-0.06084415584415592,0.06084415584415592,1.3715504978662867,0.6152344452237352
2024-07-25,138.32,144.70975799208912,154.01210630258328,144.63,9.382106302583281,1,-0.04362856945308724,-0.04362856945308724,1.311711711711711,0.5883926465003598
2024-07-26,139.99,138.91907070512414,144.70975799208912,138.32,6.38975799208913,1,0.012073452862926715,0.012073452862926715,1.3275486012328113,0.5954965773827746
2024-07-29,139.75,140.73455485413754,138.91907070512414,139.99,-1.0709292948758673,-1,-0.001714408172012405,-0.001714408172012405,1.325272641062114,0.5944756531841042
2024-07-30,138.44,140.37611090707463,140.73455485413754,139.75,0.9845548541375422,1,-0.009373881932021488,0.009373881932021488,1.3128496917970596,0.6000481977685134
2024-07-31,144.48,138.71982191270882,140.37611090707463,138.44,1.9361109070746352,1,0.04362900895694888,0.04362900895694888,1.370128022759601,0.6262277059635569
2024-08-01,132.54,144.32020387581824,138.71982191270882,144.48,-5.760178087291166,-1,-0.08264119601328901,-0.08264119601328901,1.2568990042674248,0.5744754993660703
2024-08-02,132.5,132.8843940404451,144.32020387581824,132.54,11.780203875818245,1,-0.0003017956843216485,0.0003017956843216485,1.2565196775723089,0.5746488735925276
2024-08-05,134.82,132.64498071665946,132.8843940404451,132.5,0.38439404044510184,1,0.01750943396226412,0.01750943396226412,1.2785206258890467,0.5847106500961854
2024-08-06,130.18,134.71398014027363,132.64498071665946,134.82,-2.175019283340532,-1,-0.034416258715324055,-0.034416258715324055,1.2345187292555713,0.5645870970888698
2024-08-07,128.67,130.35292024067107,134.71398014027363,130.18,4.533980140273627,1,-0.01159932401290531,0.01159932401290531,1.2201991465149358,0.5711359257615092
2024-08-08,136.32,128.70813248199235,130.35292024067107,128.67,1.6829202406710806,1,0.0594544182793193,0.0594544182793193,1.2927453769559032,0.6050924799860802
2024-08-09,134.27,135.94644681345918,128.70813248199235,136.32,-7.611867518007642,-1,-0.015038145539906012,-0.015038145539906012,1.2733048838311996,0.5959930112069468
2024-08-12,136.77,134.53295586710684,135.94644681345918,134.27,1.6764468134591652,1,0.01861920011916296,-0.01861920011916296,1.2970128022759602,0.5848960980616621
2024-08-13,141.13,136.90364415627667,134.53295586710684,136.77,-2.2370441328931747,-1,0.03187833589237399,0.03187833589237399,1.3383594120436224,0.6035416123378107
2024-08-14,140.75,140.78263403817064,136.90364415627667,141.13,-4.226355843723326,-1,-0.0026925529653510916,0.0026925529653510916,1.3347558084400188,0.6051666800958235
2024-08-15,147.36,140.28373661465804,140.78263403817064,140.75,0.03263403817064159,0,0.046962699822380216,-0.046962699822380216,1.397439544807966,0.576746418955977
2024-08-16,148.56,147.29149018819783,140.28373661465804,147.36,-7.076263385341974,-1,0.008143322475570036,0.0,1.408819345661451,0.576746418955977
2024-08-19,155.28,148.32312979132882,147.29149018819783,148.56,-1.2685098118021756,-1,0.04523424878836835,-0.04523424878836835,1.4725462304409676,0.5506577279531218
2024-08-20,156.4,154.7338258667674,148.32312979132882,155.28,-6.956870208671177,-1,0.007212776919113928,-0.007212776919113928,1.4831673779042205,0.5466859566026099
2024-08-21,157.81,156.59911412980196,154.7338258667674,156.4,-1.6661741332326017,-1,0.009015345268542196,-0.009015345268542196,1.4965386439070654,0.541757393950374
2024-08-22,151.7,158.23402014238218,156.59911412980196,157.81,-1.210885870198041,-1,-0.03871744502883223,0.03871744502883223,1.4385964912280704,0.562732856069611
2024-08-23,154.98,151.31982777407327,158.23402014238218,151.7,6.5340201423821895,1,0.021621621621621623,-0.021621621621621623,1.4697012802275964,0.5505656591816194
2024-08-26,149.99,155.13402371017133,151.31982777407327,154.98,-3.660172225926715,-1,-0.032197702929410155,-0.032197702929410155,1.4223802750118544,0.5328387096441547
2024-08-27,150.5,150.12899428149365,155.13402371017133,149.99,5.144023710171325,1,0.0034002266817787508,-0.0034002266817787508,1.4272166903745855,0.531026937246538
2024-08-28,146.36,150.51239821359684,150.12899428149365,150.5,-0.37100571850635333,-1,-0.02750830564784046,-0.02750830564784046,1.387956377430062,0.5164192859495237
2024-08-29,145.49,146.19978535849802,150.51239821359684,146.36,4.152398213596825,1,-0.005944247062038888,0.005944247062038888,1.3797060218112853,0.5194890097728093
2024-08-30,148.56,144.98602538430447,146.19978535849802,145.49,0.70978535849801,1,0.021101106605264874,0.021101106605264874,1.408819345661451,0.5304508027482888
2024-09-03,136.94,148.43004839947727,144.98602538430447,148.56,-3.5739746156955334,-1,-0.0782175551965536,-0.0782175551965536,1.298624940730204,0.48896023780526837
2024-09-04,140.87,137.38793052900698,148.43004839947727,136.94,11.490048399477274,1,0.028698700160654456,-0.028698700160654456,1.3358937885253677,0.4749277145500127
2024-09-05,139.44,140.76081391557054,137.38793052900698,140.87,-3.482069470993025,-1,-0.010151203237027118,-0.010151203237027118,1.3223328591749646,0.4701066267967187
2024-09-06,134.35,139.60179648451492,140.76081391557054,139.44,1.3208139155705396,1,-0.036503155479059135,0.036503155479059135,1.274063537221432,0.4872670020864154
2024-09-09,138.15,134.67264675904158,139.60179648451492,134.35,5.2517964845149265,1,0.028284331968738474,0.028284331968738474,1.310099573257468,0.5010490237308395
2024-09-10,142.84,138.03224435192456,134.67264675904158,138.15,-3.477353240958422,-1,0.03394860658704313,0.03394860658704313,1.354575628259839,0.5180589399182998
2024-09-11,149.86,142.42362910841047,138.03224435192456,142.84,-4.807755648075442,-1,0.04914589750770104,-0.04914589750770104,1.4211474632527268,0.49259846835412674
2024-09-12,150.77,149.68595235595808,142.42362910841047,149.86,-7.436370891589547,-1,0.006072334178566674,-0.006072334178566674,1.4297771455666197,0.4896072458384304
2024-09-13,152.31,150.82319864976427,149.68595235595808,150.77,-1.0840476440419309,-1,0.010214233600848832,-0.010214233600848832,1.444381223328592,0.48460628305676845
2024-09-16,152.08,152.09634751577295,150.82319864976427,152.31,-1.4868013502357371,-1,-0.0015100781301292665,0.0015100781301292665,1.4422000948316742,0.48533807640653565
2024-09-17,150.82,151.95165388040706,152.09634751577295,152.08,0.01634751577293514,0,-0.008285113098369434,0.008285113098369434,1.4302513039355147,0.4893591572605089
2024-09-18,148.29,150.90226757639508,151.95165388040706,150.82,1.1316538804070717,1,-0.016774963532687925,-0.0,1.406258890469417,0.4893591572605089
2024-09-19,156.74,148.51201729461545,150.90226757639508,148.29,2.612267576395084,1,0.056982938836064534,0.056982938836064534,1.4863916548127079,0.5172442801875525
2024-09-20,155.95,156.50329567244378,148.51201729461545,156.74,-8.227982705384562,-1,-0.005040193951767358,-0.005040193951767358,1.4788999525841633,0.514637268694965
2024-09-23,156.75,155.7408910184265,156.50329567244378,155.95,0.5532956724437952,1,0.005129849310676615,-0.005129849310676615,1.4864864864864868,0.5119972570569016
2024-09-24,158.32,157.01808979014982,155.7408910184265,156.75,-1.0091089815734904,-1,0.010015948963317367,0.010015948963317367,1.5013750592697965,0.517125395452942
2024-09-25,162.02,158.4086871830152,157.01808979014982,158.32,-1.3019102098501776,-1,0.02337038908539668,-0.02337038908539668,1.5364627785680423,0.5050399737552671
2024-09-26,167.49,161.6925765313092,158.4086871830152,162.02,-3.611312816984821,-1,0.03376126404147639,-0.03376126404147639,1.5883357041251784,0.4879891858498152
2024-09-27,164.35,167.30748872343173,161.6925765313092,167.49,-5.797423468690823,-1,-0.01874738790375552,0.01874738790375552,1.558558558558559,0.4971377084097796
2024-09-30,164.08,164.72836705664227,167.30748872343173,164.35,2.9574887234317373,1,-0.0016428354122298705,0.0016428354122298705,1.555998103366525,0.4979544238419101
2024-10-01,159.75,164.23157480530406,164.72836705664227,164.08,0.6483670566422575,1,-0.026389566065334047,-0.026389566065334047,1.5149359886201996,0.48481362267640865
2024-10-02,159.78,159.44253684107696,164.23157480530406,159.75,4.481574805304064,1,0.0001877934272300763,0.0001877934272300763,1.5152204836415368,0.4849046674881789
2024-10-03,162.85,159.7307539630911,159.44253684107696,159.78,-0.33746315892304324,-1,0.01921391913881587,0.01921391913881587,1.5443338074917028,0.4942215865593312
2024-10-04,170.9,163.185155430932,159.7307539630911,162.85,-3.1192460369088906,-1,0.04943199263125586,-0.04943199263125586,1.620673304883832,0.4697912287343227
2024-10-07,170.97,170.64598076251795,163.185155430932,170.9,-7.714844569067992,-1,0.0004095962551198262,-0.0004095962551198262,1.6213371266002852,0.469598804006345
2024-10-08,172.8,170.75762192732225,170.64598076251795,170.97,-0.3240192374820481,-1,0.010703632216178427,-0.010703632216178427,1.63869132290185,0.46457239111910387
2024-10-09,171.02,172.83671415021828,170.75762192732225,172.8,-2.0423780726777636,-1,-0.010300925925925908,0.010300925925925908,1.6218112849691806,0.46935791690725204
2024-10-10,164.18,171.0208792351247,172.83671415021828,171.02,1.8167141502182744,1,-0.03999532218453983,0.03999532218453983,1.5569464201043157,0.488130038013822
2024-10-11,167.89,164.68222560691538,171.0208792351247,164.18,6.840879235124703,1,0.022597149470093614,0.022597149470093614,1.5921289710763402,0.4991603854436628
2024-10-14,165.27,167.17030562773888,164.68222560691538,167.89,-3.2077743930846054,-1,-0.01560545595330265,-0.01560545595330265,1.5672830725462312,0.49137076003498814
2024-10-15,156.64,166.09662480093533,167.17030562773888,165.27,1.9003056277388737,1,-0.05221758334846027,0.05221758334846027,1.4854433380749175,0.5170289536521114
2024-10-16,156.13,157.13809719163552,166.09662480093533,156.64,9.456624800935344,1,-0.0032558733401429896,-0.0032558733401429896,1.4806069227121863,0.5153455728658335
2024-10-17,156.25,156.12096638103716,157.13809719163552,156.13,1.0080971916355281,1,0.0007685902773331144,0.0007685902773331144,1.481744902797535,0.5157416624626049
2024-10-18,155.97,156.05663398498595,156.12096638103716,156.25,-0.12903361896283627,0,-0.0017920000000000158,-0.0017920000000000158,1.4790896159317217,0.5148174534034718
2024-10-21,157.9,156.09199204604957,156.05663398498595,155.97,0.08663398498595143,0,0.012374174520741299,0.0,1.497392128971077,0.5148174534034718
2024-10-22,154.09,157.81889008515247,156.09199204604957,157.9,-1.8080079539504368,-1,-0.024129195693476935,-0.0,1.4612612612612619,0.5148174534034718
2024-10-23,152.91,154.16236557945444,157.81889008515247,154.09,3.7288900851524716,1,-0.007657862288273143,0.007657862288273143,1.4500711237553348,0.5187598545652352
2024-10-24,153.44,153.06721381671636,154.16236557945444,152.91,1.2523655794544482,1,0.003466091164737506,0.003466091164737506,1.4550972024656241,0.5205579235137643
2024-10-25,156.23,153.30620177631874,153.06721381671636,153.44,-0.3727861832836368,-1,0.0181830031282586,0.0181830031282586,1.481555239449977,0.5300232298654549
2024-10-28,159.92,156.14201691565236,153.30620177631874,156.23,-2.9237982236812456,-1,0.023619023234974,-0.023619023234974,1.5165481270744434,0.5175045988841868
2024-10-29,166.25,159.7644350949418,156.14201691565236,159.92,-3.7779830843476248,-1,0.03958229114557277,-0.03958229114557277,1.5765765765765771,0.49702058118198
2024-10-30,148.6,165.98744410602532,159.7644350949418,166.25,-6.485564905058197,-1,-0.10616541353383457,0.10616541353383457,1.4091986723565677,0.5497869767179917
2024-10-31,144.07,149.2606723153681,165.98744410602532,148.6,17.387444106025328,1,-0.030484522207267828,0.030484522207267828,1.3662399241346617,0.566546970019018
2024-11-01,141.86,144.53668431484468,149.2606723153681,144.07,5.1906723153681185,1,-0.015339765391823246,-0.015339765391823246,1.3452821242294937,0.557856272415478
2024-11-04,140.71,141.6070122561208,144.53668431484468,141.86,2.676684314844664,1,-0.008106583956013047,-0.008106583956013047,1.3343764817449038,0.5533339637077535
2024-11-05,141.66,141.05032141319066,141.6070122561208,140.71,0.8970122561208029,1,0.006751474664202783,0.006751474664202783,1.3433854907539124,0.5570697839445693
2024-11-06,145.1,141.3340831615985,141.05032141319066,141.66,-0.6096785868093377,-1,0.02428349569391508,0.02428349569391508,1.376007586533903,0.5705973856441975
2024-11-07,149.82,145.2057519993493,141.3340831615985,145.1,-3.7659168384014947,-1,0.03252929014472783,-0.03252929014472783,1.420768136557611,0.5520362577307543
2024-11-08,147.95,149.43577537147743,145.2057519993493,149.82,-4.61424800065069,-1,-0.012481644640234935,0.012481644640234935,1.4030346135609302,0.5589265781282747
2024-11-11,147.35,148.22103725337365,149.43577537147743,147.95,1.4857753714774447,1,-0.004055424129773555,0.004055424129773555,1.3973447131341876,0.561193262459988
2024-11-12,143.63,147.2398363192758,148.22103725337365,147.35,0.8710372533736574,1,-0.025246012894468928,-0.025246012894468928,1.362067330488384,0.547025370119634
2024-11-13,139.3,144.01985949688367,147.2398363192758,143.63,3.6098363192758143,1,-0.03014690524263719,-0.03014690524263719,1.3210052157420589,0.5305342481213189
2024-11-14,138.84,139.12389593997904,144.01985949688367,139.3,4.719859496883657,1,-0.003302225412778248,-0.003302225412778248,1.316642958748223,0.5287823044448234
2024-11-15,134.9,138.90602906290607,139.12389593997904,138.84,0.2838959399790326,1,-0.02837798905214639,-0.02837798905214639,1.2792792792792802,0.5137765259983195
2024-11-18,138.93,135.0122880988358,138.90602906290607,134.9,4.006029062906066,1,0.029873980726464078,0.029873980726464078,1.3174964438122343,0.529125076033703
2024-11-19,139.39,138.68112437362674,135.0122880988358,138.93,-3.9177119011642105,-1,0.0033110199380981253,0.0033110199380981253,1.32185870080607,0.5308770197101982
2024-11-20,137.6,139.63505388136716,138.68112437362674,139.39,-0.7088756263732421,-1,-0.012841667264509637,0.012841667264509637,1.3048838311996216,0.5376943657556912
2024-11-21,137.49,137.39686690536843,139.63505388136716,137.6,2.035053881367162,1,-0.0007994186046510476,0.0007994186046510476,1.3038406827880522,0.5381242086352924
2024-11-22,138.35,137.6895272715095,137.39686690536843,137.49,-0.09313309463158248,0,0.006255000363662777,0.006255000363662777,1.3119962067330497,0.5414901757560019
2024-11-25,141.13,138.15424702386707,137.6895272715095,138.35,-0.6604727284905039,-1,0.020093964582580393,0.0,1.3383594120436235,0.5414901757560019
2024-11-26,137.72,141.24481359195067,138.15424702386707,141.13,-2.9757529761329238,-1,-0.024162120031176904,0.024162120031176904,1.3060218112849702,0.5545737263783216
2024-11-27,136.24,137.683234954512,141.24481359195067,137.72,3.524813591950675,1,-0.010746442056346117,0.010746442056346117,1.2919867235656721,0.5605334207948182
2024-11-29,137.175,136.31163008951276,137.683234954512,136.24,1.4432349545119791,1,0.006862889019377594,0.006862889019377594,1.3008534850640125,0.5643802994533851
2024-12-02,142.06,137.04842354780712,136.31163008951276,137.175,-0.8633699104872505,-1,0.0356114452341898,0.0356114452341898,1.3471787577050747,0.5844786975786249
2024-12-03,141.98,142.03120865662092,137.04842354780712,142.06,-5.011576452192884,-1,-0.000563142334225053,0.000563142334225053,1.3464201043148423,0.5848078422766841
2024-12-04,143.99,141.84654676996593,142.03120865662092,141.98,0.051208656620929105,0,0.014156923510353803,-0.014156923510353803,1.3654812707444302,0.576528762385318
2024-12-05,141.36,143.9586564621234,141.84654676996593,143.99,-2.1434532300340834,-1,-0.018265157302590374,-0.0,1.3405405405405422,0.576528762385318
2024-12-06,138.59,141.4143312685512,143.9586564621234,141.36,2.5986564621233867,1,-0.019595359366157417,0.019595359366157417,1.3142721669037474,0.5878260506691844
2024-12-09,130.87,138.64773023077302,141.4143312685512,138.59,2.824331268551191,1,-0.055703874738437076,-0.055703874738437076,1.2410621147463268,0.555081861974718
2024-12-10,127.74,130.97660416368635,138.64773023077302,130.87,7.777730230773017,1,-0.023916864063574628,-0.023916864063574628,1.2113798008534864,0.5418060445377127
2024-12-11,130.15,127.79872631222395,130.97660416368635,127.74,3.2366041636863514,1,0.018866447471426406,0.018866447471426406,1.2342342342342356,0.5520279998166848
2024-12-12,130.6,129.99804649917814,127.79872631222395,130.15,-2.3512736877760574,-1,0.0034575489819437255,0.0034575489819437255,1.2385016595542924,0.5539366636654555
2024-12-13,126.91,130.75536845585677,129.99804649917814,130.6,-0.6019535008218497,-1,-0.02825421133231243,0.02825421133231243,1.2035087719298256,0.5695877072253753
2024-12-16,126.69,126.810197096745,130.75536845585677,126.91,3.8453684558567716,1,-0.0017335119375935237,0.0017335119375935237,1.2014224751066869,0.570575094315357
2024-12-17,125.02,126.81634188209674,126.810197096745,126.69,0.12019709674500234,0,-0.013181782303259948,-0.013181782303259948,1.1855855855855868,0.5630538976344299
2024-12-18,121.41,124.90738404439013,126.81634188209674,125.02,1.7963418820967405,1,-0.028875379939209744,-0.0,1.1513513513513525,0.5630538976344299
2024-12-19,118.88,121.59020391648289,124.90738404439013,121.41,3.497384044390131,1,-0.02083848117947451,-0.02083848117947451,1.1273589378852549,0.5513207095855451
2024-12-20,119.21,118.76276513009785,121.59020391648289,118.88,2.7102039164828966,1,0.0027759084791385558,0.0027759084791385558,1.1304883831199632,0.5528511254180083
2024-12-23,124.6,119.24181433672557,118.76276513009785,119.21,-0.44723486990214667,-1,0.04521432765707578,0.04521432765707578,1.181602655286867,0.5778479173482413
2024-12-24,126.29,124.42887200667057,119.24181433672557,124.6,-5.358185663274426,-1,0.013563402889245735,-0.013563402889245735,1.1976292081555253,0.5700103332365355
2024-12-26,125.06,126.37073941399603,124.42887200667057,126.29,-1.8611279933294327,-1,-0.009739488478897829,0.009739488478897829,1.185964912280703,0.5755619423099455
2024-12-27,125.19,125.04746859593487,126.37073941399603,125.06,1.310739413996032,1,0.0010395010395010118,-0.0010395010395010118,1.1871977240398306,0.5749636450726171
2024-12-30,122.44,125.16402101210582,125.04746859593487,125.19,-0.14253140406512443,0,-0.02196661075165751,-0.02196661075165751,1.161119013750594,0.5623336424849528
2024-12-31,120.79,122.5527795542259,125.16402101210582,122.44,2.7240210121058226,1,-0.013475988239137426,-0.0,1.1454717875770521,0.5623336424849528
2025-01-02,120.63,120.90624314877265,122.5527795542259,120.79,1.7627795542259008,1,-0.0013246129646494742,-0.0013246129646494742,1.1439544807965873,0.5615887680516586
2025-01-03,125.37,120.55440211268706,120.90624314877265,120.63,0.2762431487726502,1,0.03929370803282772,0.03929370803282772,1.1889046941678534,0.5836556731379958
2025-01-06,129.55,125.28143587658322,120.55440211268706,125.37,-4.815597887312947,-1,0.03334130972321936,0.03334130972321936,1.228544333807493,0.6031155177078038
2025-01-07,127.33,129.43875494890085,125.28143587658322,129.55,-4.268564123416795,-1,-0.01713624083365506,0.01713624083365506,1.2074917022285456,0.6134506504697593
2025-01-08,121.84,127.36874682936018,129.43875494890085,127.33,2.1087549489008524,1,-0.043116311945338825,0.043116311945338825,1.1554291133238515,0.6399003800784845
2025-01-10,116.04,122.0287033236088,127.36874682936018,121.84,5.528746829360173,1,-0.047603414313854175,-0.047603414313854175,1.100426742532007,0.6094389371660156
2025-01-13,117.32,116.098670904511,122.0287033236088,116.04,5.988703323608789,1,0.011030679076180494,0.011030679076180494,1.1125651967757242,0.6161614624984224
2025-01-14,116.09,117.26648372212041,116.098670904511,117.32,-1.221329095488997,-1,-0.01048414592567326,-0.01048414592567326,1.100900900900902,0.6097015358118127
2025-01-15,119.96,115.99331893309869,117.26648372212041,116.09,1.176483722120409,1,0.03333620466879128,-0.03333620466879128,1.1376007586533912,0.5893764006271138
2025-01-16,118.44,119.96907913485467,115.99331893309869,119.96,-3.9666810669013017,-1,-0.012670890296765602,-0.012670890296765602,1.1231863442389767,0.5819084769112651
2025-01-17,121.46,118.3729529116737,119.96907913485467,118.44,1.529079134854669,1,0.025498142519419176,-0.025498142519419176,1.1518255097202474,0.5670708916337236
2025-01-21,122.28,121.51220324320109,118.3729529116737,121.46,-3.087047088326287,-1,0.006751193808661293,0.006751193808661293,1.159601706970129,0.5708992971263932
2025-01-22,123.75,122.20285188584673,121.51220324320109,122.28,-0.7677967567989157,-1,0.012021589793915544,-0.012021589793915544,1.173541963015648,0.5640361799627049
2025-01-23,123.04,123.75534319668152,122.20285188584673,123.75,-1.5471481141532735,-1,-0.005737373737373708,0.005737373737373708,1.1668089141773361,0.5672722663285517
2025-01-24,122.84,123.07935263270866,123.75534319668152,123.04,0.7153431966815162,1,-0.0016254876462938883,0.0016254876462938883,1.1649122807017553,0.5681943603895538
2025-01-27,115.01,122.80784119780301,123.07935263270866,122.84,0.23935263270865903,1,-0.06374145229566919,-0.06374145229566919,1.0906590801327651,0.5319768266721149
2025-01-28,114.17,115.19954957717434,122.80784119780301,115.01,7.7978411978030095,1,-0.0073037127206330155,-0.0073037127206330155,1.0826932195353256,0.5280914207560677
2025-01-29,117.35,114.1996668738629,115.19954957717434,114.17,1.0295495771743362,1,0.027853201366383473,0.027853201366383473,1.112849691797061,0.542800457438246
2025-01-30,118.86,117.15886305850718,114.1996668738629,117.35,-3.150333126137099,-1,0.012867490413293714,0.012867490413293714,1.1271692745376964,0.5497849371206641
2025-01-31,115.95,118.84000122502536,117.15886305850718,118.86,-1.7011369414928197,-1,-0.024482584553255915,0.024482584553255915,1.099573257467995,0.5632450933298273
2025-02-03,114.27,116.01818085042515,118.84000122502536,115.95,2.890001225025358,1,-0.014489003880983287,0.014489003880983287,1.0836415362731158,0.5714059536730279
2025-02-04,119.5,114.19491924534867,116.01818085042515,114.27,1.7481808504251575,1,0.04576879320906624,0.04576879320906624,1.1332385016595548,0.597558514605118
2025-02-05,112.01,119.49296707198832,114.19491924534867,119.5,-5.305080754651328,-1,-0.06267782426778234,-0.06267782426778234,1.0622095779990521,0.5601048470369814
2025-02-06,110.16,112.18759143829693,119.49296707198832,112.01,7.482967071988313,1,-0.016516382465851298,0.016516382465851298,1.0446657183499293,0.5693557529116212
2025-02-07,107.56,110.25150576919486,112.18759143829693,110.16,2.0275914382969376,1,-0.023602033405954903,-0.023602033405954903,1.0200094831673783,0.5559177994115285
2025-02-10,110.48,107.47179383027374,110.25150576919486,107.56,2.691505769194862,1,0.027147638527333706,0.027147638527333706,1.0477003319108587,0.5710096548808635
2025-02-11,111.1,110.42945336992547,107.47179383027374,110.48,-3.0082061697262645,-1,0.0056118754525704695,0.0056118754525704695,1.0535798956851592,0.5742140899462702
2025-02-12,111.72,111.05553881610544,110.42945336992547,111.1,-0.6705466300745258,-1,0.005580558055805707,-0.005580558055805707,1.05945945945946,0.5710096548808634
2025-02-13,111.81,111.70427492285911,111.05553881610544,111.72,-0.6644611838945593,-1,0.0008055853920516665,-0.0008055853920516665,1.0603129445234714,0.5705496578441709
2025-02-14,113.1,111.80149037002276,111.70427492285911,111.81,-0.10572507714088886,0,0.011537429568017066,-0.011537429568017066,1.0725462304409676,0.5639669813517375
2025-02-18,114.28,113.0664734325429,111.80149037002276,113.1,-1.2985096299772323,-1,0.010433244916003614,0.0,1.0837363679468948,0.5639669813517375
2025-02-19,114.69,114.26339966450224,113.0664734325429,114.28,-1.2135265674570945,-1,0.003587679383969089,-0.003587679383969089,1.0876244665718353,0.5619436486395026
2025-02-20,114.17,114.68485604814038,114.26339966450224,114.69,-0.4266003354977528,-1,-0.004533961112564322,0.004533961112564322,1.0826932195353252,0.5644914792898866
